time,open,high,low,close,tick_volume,spread,real_volume
2020-05-01 00:00:00,134.941,134.941,134.597,134.603,1083,4,0
2020-05-01 00:30:00,134.602,134.782,134.602,134.78,1117,8,0
2020-05-01 01:00:00,134.78,134.911,134.746,134.772,1268,8,0
2020-05-01 01:30:00,134.772,134.991,134.767,134.965,1153,0,0
2020-05-01 02:00:00,134.965,135.077,134.846,134.855,3115,3,0
2020-05-01 02:30:00,134.855,134.893,134.695,134.714,3345,1,0
2020-05-01 03:00:00,134.715,134.738,134.544,134.563,2551,3,0
2020-05-01 03:30:00,134.563,134.594,134.426,134.567,2085,2,0
2020-05-01 04:00:00,134.566,134.626,134.498,134.601,1469,1,0
2020-05-01 04:30:00,134.601,134.663,134.515,134.608,1247,0,0
2020-05-01 05:00:00,134.607,134.617,134.54,134.592,1885,8,0
2020-05-01 05:30:00,134.592,134.647,134.55,134.575,1231,3,0
2020-05-01 06:00:00,134.574,134.614,134.537,134.565,1670,2,0
2020-05-01 06:30:00,134.564,134.628,134.516,134.614,1348,4,0
2020-05-01 07:00:00,134.611,134.624,134.539,134.541,1361,3,0
2020-05-01 07:30:00,134.541,134.581,134.352,134.427,1927,1,0
2020-05-01 08:00:00,134.427,134.582,134.393,134.506,1762,3,0
2020-05-01 08:30:00,134.506,134.554,134.37,134.471,1622,3,0
2020-05-01 09:00:00,134.468,134.59,134.383,134.413,2134,1,0
2020-05-01 09:30:00,134.415,134.417,134.244,134.275,2376,1,0
2020-05-01 10:00:00,134.275,134.277,133.972,134.168,2712,0,0
2020-05-01 10:30:00,134.168,134.352,134.156,134.238,1929,1,0
2020-05-01 11:00:00,134.238,134.355,134.146,134.166,1989,0,0
2020-05-01 11:30:00,134.166,134.177,134.026,134.067,1737,1,0
2020-05-01 12:00:00,134.067,134.184,134.047,134.135,1576,1,0
2020-05-01 12:30:00,134.135,134.166,133.957,134.035,1992,0,0
2020-05-01 13:00:00,134.035,134.041,133.782,133.868,2033,0,0
2020-05-01 13:30:00,133.868,133.925,133.675,133.72,2010,2,0
2020-05-01 14:00:00,133.719,133.725,133.524,133.609,2137,1,0
2020-05-01 14:30:00,133.609,133.703,133.445,133.651,2062,0,0
2020-05-01 15:00:00,133.651,133.847,133.535,133.685,2349,0,0
2020-05-01 15:30:00,133.685,133.89,133.564,133.82,2779,2,0
2020-05-01 16:00:00,133.819,134.21,133.809,133.96,3241,0,0
2020-05-01 16:30:00,133.962,134.271,133.96,134.104,3751,0,0
2020-05-01 17:00:00,134.111,134.111,133.732,133.78,2966,1,0
2020-05-01 17:30:00,133.78,133.826,133.529,133.542,2479,2,0
2020-05-01 18:00:00,133.542,133.691,133.477,133.565,2329,2,0
2020-05-01 18:30:00,133.565,133.699,133.497,133.611,1904,1,0
2020-05-01 19:00:00,133.611,133.616,133.463,133.564,1593,2,0
2020-05-01 19:30:00,133.564,133.57,133.387,133.431,1574,2,0
2020-05-01 20:00:00,133.437,133.476,133.366,133.456,1347,1,0
2020-05-01 20:30:00,133.457,133.483,133.402,133.419,1368,0,0
2020-05-01 21:00:00,133.415,133.525,133.393,133.498,1038,2,0
2020-05-01 21:30:00,133.498,133.693,133.465,133.661,2097,3,0
2020-05-01 22:00:00,133.661,133.678,133.563,133.593,990,1,0
2020-05-01 22:30:00,133.594,133.617,133.488,133.517,1327,3,0
2020-05-04 00:00:00,133.352,133.445,133.304,133.309,779,6,0
2020-05-04 00:30:00,133.312,133.313,133.069,133.07,1051,1,0
2020-05-04 01:00:00,133.07,133.207,132.987,133.114,1173,2,0
2020-05-04 01:30:00,133.112,133.115,132.851,132.937,997,1,0
2020-05-04 02:00:00,132.937,133.022,132.764,132.86,1638,2,0
2020-05-04 02:30:00,132.863,132.896,132.771,132.828,1850,3,0
2020-05-04 03:00:00,132.828,133.004,132.827,133.003,1932,3,0
2020-05-04 03:30:00,133.004,133.052,132.95,132.978,1500,3,0
2020-05-04 04:00:00,132.979,132.985,132.87,132.926,1227,2,0
2020-05-04 04:30:00,132.926,132.99,132.894,132.971,1092,6,0
2020-05-04 05:00:00,132.971,133.057,132.952,132.954,1135,2,0
2020-05-04 05:30:00,132.954,133.009,132.921,133.007,1052,0,0
2020-05-04 06:00:00,133.007,133.012,132.841,132.846,1248,0,0
2020-05-04 06:30:00,132.846,132.865,132.769,132.803,936,3,0
2020-05-04 07:00:00,132.803,132.938,132.793,132.839,896,1,0
2020-05-04 07:30:00,132.839,132.856,132.737,132.786,1716,1,0
2020-05-04 08:00:00,132.785,132.79,132.613,132.78,2075,0,0
2020-05-04 08:30:00,132.78,133.24,132.768,133.163,2064,0,0
2020-05-04 09:00:00,133.165,133.177,132.765,132.797,2926,0,0
2020-05-04 09:30:00,132.797,132.981,132.744,132.943,3036,0,0
2020-05-04 10:00:00,132.942,132.981,132.802,132.869,2863,0,0
2020-05-04 10:30:00,132.87,132.924,132.712,132.72,2451,0,0
2020-05-04 11:00:00,132.721,132.728,132.519,132.565,2273,0,0
2020-05-04 11:30:00,132.565,132.8,132.555,132.793,2034,0,0
2020-05-04 12:00:00,132.788,132.794,132.607,132.631,2087,0,0
2020-05-04 12:30:00,132.63,132.665,132.525,132.54,1721,0,0
2020-05-04 13:00:00,132.54,132.664,132.521,132.632,1840,1,0
2020-05-04 13:30:00,132.632,132.884,132.599,132.855,2113,1,0
2020-05-04 14:00:00,132.855,132.928,132.814,132.885,2629,0,0
2020-05-04 14:30:00,132.885,132.918,132.715,132.779,2445,0,0
2020-05-04 15:00:00,132.778,132.886,132.75,132.758,2358,1,0
2020-05-04 15:30:00,132.761,132.939,132.655,132.882,2973,0,0
2020-05-04 16:00:00,132.882,133.06,132.847,132.965,3583,0,0
2020-05-04 16:30:00,132.962,133.021,132.787,132.832,3296,0,0
2020-05-04 17:00:00,132.832,132.855,132.681,132.778,2460,0,0
2020-05-04 17:30:00,132.778,132.842,132.733,132.759,1957,1,0
2020-05-04 18:00:00,132.759,132.822,132.684,132.817,1738,1,0
2020-05-04 18:30:00,132.816,132.876,132.749,132.821,1746,2,0
2020-05-04 19:00:00,132.821,132.846,132.741,132.814,1414,0,0
2020-05-04 19:30:00,132.814,132.85,132.763,132.802,1655,0,0
2020-05-04 20:00:00,132.805,132.855,132.78,132.815,1648,2,0
2020-05-04 20:30:00,132.814,132.836,132.738,132.772,1226,0,0
2020-05-04 21:00:00,132.772,132.809,132.75,132.773,1060,3,0
2020-05-04 21:30:00,132.771,132.816,132.705,132.787,1837,2,0
2020-05-04 22:00:00,132.787,132.795,132.724,132.73,1463,2,0
2020-05-04 22:30:00,132.731,132.795,132.721,132.778,1148,1,0
2020-05-04 23:00:00,132.762,132.799,132.736,132.77,152,22,0
2020-05-04 23:30:00,132.765,132.797,132.741,132.781,928,32,0
2020-05-05 00:00:00,132.782,132.803,132.737,132.777,1482,9,0
2020-05-05 00:30:00,132.776,132.783,132.669,132.759,784,2,0
2020-05-05 01:00:00,132.756,132.781,132.729,132.729,758,4,0
2020-05-05 01:30:00,132.729,132.789,132.718,132.774,693,1,0
2020-05-05 02:00:00,132.774,132.83,132.68,132.701,1800,1,0
2020-05-05 02:30:00,132.701,132.792,132.664,132.771,2015,5,0
2020-05-05 03:00:00,132.771,132.813,132.747,132.762,1406,2,0
2020-05-05 03:30:00,132.763,132.809,132.74,132.794,1715,3,0
2020-05-05 04:00:00,132.794,132.88,132.739,132.835,1437,3,0
2020-05-05 04:30:00,132.835,132.881,132.787,132.82,944,3,0
2020-05-05 05:00:00,132.819,132.887,132.807,132.872,1266,1,0
2020-05-05 05:30:00,132.872,132.874,132.817,132.87,1304,2,0
2020-05-05 06:00:00,132.869,132.926,132.847,132.919,1012,0,0
2020-05-05 06:30:00,132.92,132.924,132.821,132.852,1549,4,0
2020-05-05 07:00:00,132.852,132.922,132.851,132.912,1493,0,0
2020-05-05 07:30:00,132.91,132.969,132.868,132.935,1656,3,0
2020-05-05 08:00:00,132.934,133.067,132.899,132.947,1712,1,0
2020-05-05 08:30:00,132.948,133.009,132.834,132.948,2214,0,0
2020-05-05 09:00:00,132.948,133.037,132.829,132.939,3055,0,0
2020-05-05 09:30:00,132.937,133.01,132.885,132.994,2589,0,0
2020-05-05 10:00:00,132.993,133.178,132.932,133.019,3446,0,0
2020-05-05 10:30:00,133.021,133.079,132.623,132.745,4178,1,0
2020-05-05 11:00:00,132.745,132.921,132.715,132.837,3811,0,0
2020-05-05 11:30:00,132.837,133.006,132.816,132.969,2823,0,0
2020-05-05 12:00:00,132.969,133.012,132.828,132.951,2373,0,0
2020-05-05 12:30:00,132.952,133.028,132.891,132.943,2900,0,0
2020-05-05 13:00:00,132.942,133.011,132.882,132.984,2916,0,0
2020-05-05 13:30:00,132.985,133.0,132.851,132.864,2335,1,0
2020-05-05 14:00:00,132.864,132.966,132.858,132.955,2824,0,0
2020-05-05 14:30:00,132.947,133.025,132.805,132.873,2975,0,0
2020-05-05 15:00:00,132.873,132.995,132.841,132.901,3488,0,0
2020-05-05 15:30:00,132.898,133.002,132.865,132.927,3645,1,0
2020-05-05 16:00:00,132.91,132.957,132.639,132.706,3222,1,0
2020-05-05 16:30:00,132.706,132.804,132.654,132.76,3147,1,0
2020-05-05 17:00:00,132.756,132.795,132.575,132.703,2336,1,0
2020-05-05 17:30:00,132.703,132.725,132.54,132.583,1814,2,0
2020-05-05 18:00:00,132.583,132.681,132.578,132.652,1567,1,0
2020-05-05 18:30:00,132.651,132.655,132.493,132.504,1615,2,0
2020-05-05 19:00:00,132.501,132.541,132.457,132.475,1992,1,0
2020-05-05 19:30:00,132.475,132.54,132.455,132.525,1849,3,0
2020-05-05 20:00:00,132.526,132.621,132.505,132.555,1996,2,0
2020-05-05 20:30:00,132.555,132.617,132.481,132.613,1994,0,0
2020-05-05 21:00:00,132.614,132.614,132.476,132.484,2165,2,0
2020-05-05 21:30:00,132.485,132.56,132.448,132.487,1587,2,0
2020-05-05 22:00:00,132.487,132.544,132.448,132.471,1018,2,0
2020-05-05 22:30:00,132.471,132.48,132.448,132.472,1211,3,0
2020-05-05 23:00:00,132.345,132.665,132.31,132.566,2151,19,0
2020-05-05 23:30:00,132.558,132.636,132.468,132.523,511,33,0
2020-05-06 00:00:00,132.523,132.578,132.473,132.519,2072,12,0
2020-05-06 00:30:00,132.518,132.549,132.455,132.539,953,6,0
2020-05-06 01:00:00,132.539,132.548,132.429,132.466,955,4,0
2020-05-06 01:30:00,132.466,132.471,132.395,132.458,974,4,0
2020-05-06 02:00:00,132.458,132.467,132.133,132.201,2145,1,0
2020-05-06 02:30:00,132.2,132.302,132.146,132.151,1948,1,0
2020-05-06 03:00:00,132.151,132.171,132.071,132.127,1781,3,0
2020-05-06 03:30:00,132.127,132.305,132.127,132.185,1899,4,0
2020-05-06 04:00:00,132.185,132.241,132.148,132.223,1382,3,0
2020-05-06 04:30:00,132.223,132.234,132.178,132.221,927,5,0
2020-05-06 05:00:00,132.221,132.255,132.195,132.23,1158,5,0
2020-05-06 05:30:00,132.23,132.254,132.206,132.224,1305,4,0
2020-05-06 06:00:00,132.224,132.226,132.134,132.188,953,2,0
2020-05-06 06:30:00,132.189,132.235,132.156,132.233,830,2,0
2020-05-06 07:00:00,132.231,132.264,132.196,132.229,1315,4,0
2020-05-06 07:30:00,132.23,132.272,132.187,132.243,1832,2,0
2020-05-06 08:00:00,132.239,132.275,132.135,132.21,2142,0,0
2020-05-06 08:30:00,132.209,132.32,132.207,132.314,2503,0,0
2020-05-06 09:00:00,132.315,132.322,132.176,132.224,2896,0,0
2020-05-06 09:30:00,132.223,132.226,132.107,132.119,2220,0,0
2020-05-06 10:00:00,132.117,132.129,131.604,131.657,3029,0,0
2020-05-06 10:30:00,131.645,131.739,131.49,131.609,3043,0,0
2020-05-06 11:00:00,131.61,131.638,131.482,131.516,2604,0,0
2020-05-06 11:30:00,131.516,131.545,131.43,131.522,2189,1,0
2020-05-06 12:00:00,131.523,131.633,131.523,131.556,1814,0,0
2020-05-06 12:30:00,131.555,131.679,131.456,131.488,1814,0,0
2020-05-06 13:00:00,131.491,131.498,131.299,131.344,1929,1,0
2020-05-06 13:30:00,131.343,131.473,131.342,131.447,1763,0,0
2020-05-06 14:00:00,131.446,131.47,131.306,131.322,2470,1,0
2020-05-06 14:30:00,131.322,131.583,131.306,131.52,2725,0,0
2020-05-06 15:00:00,131.52,131.558,131.386,131.457,3057,0,0
2020-05-06 15:30:00,131.458,131.502,131.209,131.247,2893,0,0
2020-05-06 16:00:00,131.246,131.284,131.006,131.086,3172,0,0
2020-05-06 16:30:00,131.087,131.177,130.958,131.075,3020,0,0
2020-05-06 17:00:00,131.079,131.147,130.911,130.984,2205,1,0
2020-05-06 17:30:00,130.984,131.017,130.834,130.944,2400,0,0
2020-05-06 18:00:00,130.944,131.112,130.94,131.087,2271,2,0
2020-05-06 18:30:00,131.087,131.131,130.993,130.998,1806,3,0
2020-05-06 19:00:00,130.998,131.072,130.942,131.065,1719,1,0
2020-05-06 19:30:00,131.067,131.137,131.043,131.108,1714,0,0
2020-05-06 20:00:00,131.109,131.113,130.962,131.028,2084,2,0
2020-05-06 20:30:00,131.027,131.041,130.932,130.933,1984,2,0
2020-05-06 21:00:00,130.933,131.014,130.913,130.997,1806,1,0
2020-05-06 21:30:00,130.996,130.996,130.899,130.961,1916,1,0
2020-05-06 22:00:00,130.96,130.994,130.934,130.943,832,1,0
2020-05-06 22:30:00,130.942,130.962,130.872,130.938,1281,2,0
2020-05-06 23:00:00,130.931,130.942,130.811,130.905,209,25,0
2020-05-06 23:30:00,130.905,130.923,130.87,130.913,308,70,0
2020-05-07 00:00:00,130.914,130.96,130.879,130.906,1260,8,0
2020-05-07 00:30:00,130.905,130.926,130.658,130.773,1455,4,0
2020-05-07 01:00:00,130.775,130.81,130.73,130.783,1104,2,0
2020-05-07 01:30:00,130.783,130.953,130.757,130.898,1142,3,0
2020-05-07 02:00:00,130.898,130.974,130.812,130.908,2365,2,0
2020-05-07 02:30:00,130.908,130.97,130.791,130.813,1897,1,0
2020-05-07 03:00:00,130.813,130.957,130.78,130.91,2135,0,0
2020-05-07 03:30:00,130.907,130.951,130.852,130.914,1544,0,0
2020-05-07 04:00:00,130.915,130.93,130.862,130.884,1190,2,0
2020-05-07 04:30:00,130.884,130.906,130.79,130.863,1222,1,0
2020-05-07 05:00:00,130.863,130.912,130.842,130.873,1553,2,0
2020-05-07 05:30:00,130.872,130.896,130.811,130.819,1024,3,0
2020-05-07 06:00:00,130.819,130.893,130.794,130.874,1145,2,0
2020-05-07 06:30:00,130.874,130.969,130.871,130.923,1270,0,0
2020-05-07 07:00:00,130.923,130.971,130.887,130.968,964,0,0
2020-05-07 07:30:00,130.968,131.137,130.947,131.068,1275,2,0
2020-05-07 08:00:00,131.051,131.653,131.051,131.389,2854,0,0
2020-05-07 08:30:00,131.389,131.588,131.349,131.544,2385,0,0
2020-05-07 09:00:00,131.544,132.018,131.504,131.766,3786,0,0
2020-05-07 09:30:00,131.766,131.859,131.584,131.604,2629,0,0
2020-05-07 10:00:00,131.608,131.636,131.397,131.554,2022,0,0
2020-05-07 10:30:00,131.548,131.661,131.475,131.494,2009,0,0
2020-05-07 11:00:00,131.493,131.545,131.289,131.461,2627,0,0
2020-05-07 11:30:00,131.461,131.831,131.459,131.609,2481,0,0
2020-05-07 12:00:00,131.609,131.913,131.571,131.891,2435,0,0
2020-05-07 12:30:00,131.891,131.934,131.67,131.77,2625,0,0
2020-05-07 13:00:00,131.762,131.889,131.58,131.712,2308,0,0
2020-05-07 13:30:00,131.715,131.766,131.555,131.613,2534,0,0
2020-05-07 14:00:00,131.609,131.609,131.355,131.403,2966,0,0
2020-05-07 14:30:00,131.403,131.608,131.378,131.451,2486,0,0
2020-05-07 15:00:00,131.451,131.495,131.052,131.105,2546,0,0
2020-05-07 15:30:00,131.105,131.369,130.981,131.031,3147,0,0
2020-05-07 16:00:00,131.031,131.057,130.783,130.883,3355,0,0
2020-05-07 16:30:00,130.882,130.952,130.781,130.91,3173,0,0
2020-05-07 17:00:00,130.912,131.01,130.836,131.008,2596,0,0
2020-05-07 17:30:00,131.008,131.359,130.995,131.335,3390,0,0
2020-05-07 18:00:00,131.333,131.466,131.222,131.225,2378,0,0
2020-05-07 18:30:00,131.225,131.418,131.197,131.361,2737,1,0
2020-05-07 19:00:00,131.36,131.397,131.299,131.349,2048,0,0
2020-05-07 19:30:00,131.349,131.507,131.324,131.437,1850,0,0
2020-05-07 20:00:00,131.437,131.54,131.392,131.403,1993,1,0
2020-05-07 20:30:00,131.402,131.409,131.313,131.336,1822,1,0
2020-05-07 21:00:00,131.336,131.468,131.301,131.42,1494,0,0
2020-05-07 21:30:00,131.42,131.42,131.281,131.304,1488,2,0
2020-05-07 22:00:00,131.303,131.388,131.289,131.381,825,2,0
2020-05-07 22:30:00,131.382,131.401,131.258,131.274,821,2,0
2020-05-07 23:00:00,131.232,131.373,131.232,131.332,301,30,0
2020-05-07 23:30:00,131.332,131.362,131.235,131.274,2924,74,0
2020-05-08 00:00:00,131.273,131.523,131.273,131.52,885,4,0
2020-05-08 00:30:00,131.521,131.591,131.475,131.522,928,1,0
2020-05-08 01:00:00,131.522,131.564,131.507,131.544,897,2,0
2020-05-08 01:30:00,131.542,131.654,131.527,131.616,1207,1,0
2020-05-08 02:00:00,131.626,131.727,131.619,131.655,1952,3,0
2020-05-08 02:30:00,131.654,131.86,131.64,131.769,2422,1,0
2020-05-08 03:00:00,131.769,131.837,131.641,131.709,2306,1,0
2020-05-08 03:30:00,131.705,131.886,131.62,131.844,2333,1,0
2020-05-08 04:00:00,131.844,131.894,131.763,131.893,2300,0,0
2020-05-08 04:30:00,131.893,131.912,131.807,131.859,1784,2,0
2020-05-08 05:00:00,131.858,131.935,131.847,131.857,1388,3,0
2020-05-08 05:30:00,131.856,131.901,131.795,131.84,1543,3,0
2020-05-08 06:00:00,131.84,131.844,131.72,131.727,1378,0,0
2020-05-08 06:30:00,131.727,131.843,131.727,131.822,1375,1,0
2020-05-08 07:00:00,131.822,131.93,131.808,131.899,974,1,0
2020-05-08 07:30:00,131.899,131.956,131.821,131.921,1495,2,0
2020-05-08 08:00:00,131.919,131.936,131.756,131.798,1709,0,0
2020-05-08 08:30:00,131.797,131.841,131.67,131.676,1488,1,0
2020-05-08 09:00:00,131.678,131.773,131.668,131.763,1652,1,0
2020-05-08 09:30:00,131.763,131.79,131.699,131.747,1890,0,0
2020-05-08 10:00:00,131.745,131.751,131.627,131.691,1821,0,0
2020-05-08 10:30:00,131.696,131.829,131.677,131.82,1525,0,0
2020-05-08 11:00:00,131.82,131.862,131.728,131.786,1513,0,0
2020-05-08 11:30:00,131.786,131.823,131.655,131.719,1496,0,0
2020-05-08 12:00:00,131.719,131.738,131.558,131.563,1377,1,0
2020-05-08 12:30:00,131.563,131.696,131.563,131.647,1094,1,0
2020-05-08 13:00:00,131.647,131.682,131.571,131.62,1298,0,0
2020-05-08 13:30:00,131.619,131.727,131.58,131.698,1192,0,0
2020-05-08 14:00:00,131.699,131.806,131.649,131.688,2065,1,0
2020-05-08 14:30:00,131.717,131.999,131.641,131.961,4124,1,0
2020-05-08 15:00:00,131.961,132.008,131.789,131.79,2536,0,0
2020-05-08 15:30:00,131.79,131.967,131.731,131.944,2600,0,0
2020-05-08 16:00:00,131.944,132.569,131.911,132.43,3158,0,0
2020-05-08 16:30:00,132.429,132.683,132.421,132.54,4013,0,0
2020-05-08 17:00:00,132.54,132.568,132.312,132.435,2870,0,0
2020-05-08 17:30:00,132.435,132.513,132.4,132.437,1975,1,0
2020-05-08 18:00:00,132.437,132.459,132.369,132.439,1381,3,0
2020-05-08 18:30:00,132.441,132.476,132.356,132.433,1305,1,0
2020-05-08 19:00:00,132.434,132.483,132.357,132.366,1183,3,0
2020-05-08 19:30:00,132.366,132.437,132.345,132.378,980,0,0
2020-05-08 20:00:00,132.383,132.426,132.346,132.359,1352,0,0
2020-05-08 20:30:00,132.358,132.376,132.306,132.375,931,1,0
2020-05-08 21:00:00,132.373,132.382,132.309,132.377,1059,0,0
2020-05-08 21:30:00,132.376,132.436,132.337,132.373,1181,3,0
2020-05-08 22:00:00,132.373,132.406,132.35,132.386,614,3,0
2020-05-08 22:30:00,132.388,132.435,132.157,132.171,901,4,0
2020-05-11 00:00:00,132.204,132.52,132.119,132.516,1715,1,0
2020-05-11 00:30:00,132.512,132.613,132.509,132.576,1562,4,0
2020-05-11 01:00:00,132.579,132.625,132.47,132.598,1179,3,0
2020-05-11 01:30:00,132.598,132.767,132.598,132.757,1433,1,0
2020-05-11 02:00:00,132.761,132.844,132.679,132.835,2204,0,0
2020-05-11 02:30:00,132.835,132.918,132.763,132.895,1806,2,0
2020-05-11 03:00:00,132.893,132.957,132.813,132.833,1861,0,0
2020-05-11 03:30:00,132.833,132.922,132.777,132.844,1858,0,0
2020-05-11 04:00:00,132.844,132.881,132.779,132.791,1732,0,0
2020-05-11 04:30:00,132.79,132.837,132.707,132.743,1122,3,0
2020-05-11 05:00:00,132.744,132.763,132.685,132.711,1059,2,0
2020-05-11 05:30:00,132.711,132.915,132.706,132.909,1016,2,0
2020-05-11 06:00:00,132.906,132.992,132.904,132.916,1349,3,0
2020-05-11 06:30:00,132.914,132.925,132.866,132.896,835,2,0
2020-05-11 07:00:00,132.896,132.908,132.728,132.737,1053,0,0
2020-05-11 07:30:00,132.737,132.822,132.715,132.732,1032,0,0
2020-05-11 08:00:00,132.731,132.853,132.671,132.794,1876,1,0
2020-05-11 08:30:00,132.795,133.189,132.79,133.063,2447,0,0
2020-05-11 09:00:00,133.063,133.067,132.798,132.948,3072,0,0
2020-05-11 09:30:00,132.947,132.958,132.703,132.708,2373,0,0
2020-05-11 10:00:00,132.708,132.735,132.514,132.514,2319,0,0
2020-05-11 10:30:00,132.513,132.663,132.371,132.654,2598,0,0
2020-05-11 11:00:00,132.654,132.693,132.438,132.439,2138,0,0
2020-05-11 11:30:00,132.438,132.635,132.438,132.581,1714,0,0
2020-05-11 12:00:00,132.58,132.62,132.197,132.209,2058,0,0
2020-05-11 12:30:00,132.209,132.309,132.152,132.153,2091,0,0
2020-05-11 13:00:00,132.152,132.196,131.999,132.191,1901,0,0
2020-05-11 13:30:00,132.191,132.256,131.88,131.898,2352,0,0
2020-05-11 14:00:00,131.897,132.233,131.897,132.168,3049,0,0
2020-05-11 14:30:00,132.168,132.187,131.926,132.094,2893,0,0
2020-05-11 15:00:00,132.097,132.552,132.097,132.363,2878,0,0
2020-05-11 15:30:00,132.363,132.777,132.295,132.73,3595,0,0
2020-05-11 16:00:00,132.728,132.844,132.532,132.808,3366,0,0
2020-05-11 16:30:00,132.809,132.958,132.627,132.857,3533,0,0
2020-05-11 17:00:00,132.85,132.902,132.63,132.806,3200,0,0
2020-05-11 17:30:00,132.806,132.878,132.714,132.776,2736,0,0
2020-05-11 18:00:00,132.782,132.828,132.673,132.786,2782,0,0
2020-05-11 18:30:00,132.783,132.946,132.757,132.911,2528,0,0
2020-05-11 19:00:00,132.91,133.009,132.841,132.955,2229,0,0
2020-05-11 19:30:00,132.955,133.022,132.874,132.896,1538,1,0
2020-05-11 20:00:00,132.895,132.905,132.75,132.771,1916,2,0
2020-05-11 20:30:00,132.77,132.922,132.768,132.863,1383,1,0
2020-05-11 21:00:00,132.864,132.897,132.784,132.826,1457,1,0
2020-05-11 21:30:00,132.824,132.858,132.775,132.775,1327,1,0
2020-05-11 22:00:00,132.777,132.83,132.771,132.789,935,4,0
2020-05-11 22:30:00,132.789,132.826,132.731,132.757,2244,3,0
2020-05-11 23:00:00,132.763,132.799,132.654,132.771,4683,52,0
2020-05-11 23:30:00,132.759,132.764,132.695,132.745,4272,60,0
2020-05-12 00:00:00,132.749,132.849,132.743,132.844,1530,6,0
2020-05-12 00:30:00,132.843,132.865,132.768,132.782,558,3,0
2020-05-12 01:00:00,132.785,132.814,132.699,132.732,941,3,0
2020-05-12 01:30:00,132.731,132.77,132.615,132.669,1240,2,0
2020-05-12 02:00:00,132.678,132.689,132.334,132.377,2396,1,0
2020-05-12 02:30:00,132.377,132.405,132.197,132.251,2475,0,0
2020-05-12 03:00:00,132.25,132.385,132.213,132.368,1574,3,0
2020-05-12 03:30:00,132.368,132.426,132.224,132.331,1870,2,0
2020-05-12 04:00:00,132.325,132.394,132.3,132.302,1481,0,0
2020-05-12 04:30:00,132.302,132.361,132.27,132.294,1576,2,0
2020-05-12 05:00:00,132.294,132.325,132.219,132.304,1357,0,0
2020-05-12 05:30:00,132.303,132.378,132.255,132.357,1446,1,0
2020-05-12 06:00:00,132.356,132.375,132.275,132.278,1289,1,0
2020-05-12 06:30:00,132.278,132.362,132.198,132.343,1269,1,0
2020-05-12 07:00:00,132.343,132.541,132.302,132.519,1786,0,0
2020-05-12 07:30:00,132.519,132.575,132.433,132.463,1321,2,0
2020-05-12 08:00:00,132.464,132.484,132.315,132.422,1796,0,0
2020-05-12 08:30:00,132.422,132.716,132.42,132.663,2113,0,0
2020-05-12 09:00:00,132.663,132.859,132.642,132.743,3016,0,0
2020-05-12 09:30:00,132.747,132.767,132.603,132.751,2762,1,0
2020-05-12 10:00:00,132.751,132.764,132.556,132.558,3010,0,0
2020-05-12 10:30:00,132.559,132.627,132.305,132.506,2753,0,0
2020-05-12 11:00:00,132.506,132.676,132.465,132.544,2580,0,0
2020-05-12 11:30:00,132.545,132.631,132.513,132.571,2245,1,0
2020-05-12 12:00:00,132.571,132.853,132.527,132.729,2416,0,0
2020-05-12 12:30:00,132.731,132.788,132.572,132.644,2021,0,0
2020-05-12 13:00:00,132.648,132.84,132.641,132.791,2466,0,0
2020-05-12 13:30:00,132.792,132.811,132.624,132.774,2577,0,0
2020-05-12 14:00:00,132.773,132.846,132.67,132.689,2797,0,0
2020-05-12 14:30:00,132.678,132.828,132.647,132.786,2997,0,0
2020-05-12 15:00:00,132.786,132.826,132.554,132.574,3477,0,0
2020-05-12 15:30:00,132.574,132.588,132.369,132.459,3762,0,0
2020-05-12 16:00:00,132.459,132.517,132.171,132.172,3632,1,0
2020-05-12 16:30:00,132.172,132.243,132.063,132.226,3633,0,0
2020-05-12 17:00:00,132.23,132.26,132.069,132.119,3210,0,0
2020-05-12 17:30:00,132.118,132.123,131.95,131.974,2644,1,0
2020-05-12 18:00:00,131.974,132.114,131.855,132.043,2701,0,0
2020-05-12 18:30:00,132.04,132.047,131.93,131.964,2862,1,0
2020-05-12 19:00:00,131.964,131.969,131.573,131.616,2498,0,0
2020-05-12 19:30:00,131.616,131.75,131.611,131.729,1902,2,0
2020-05-12 20:00:00,131.729,131.828,131.682,131.795,1817,1,0
2020-05-12 20:30:00,131.797,131.869,131.716,131.717,1448,0,0
2020-05-12 21:00:00,131.717,131.798,131.706,131.729,1431,0,0
2020-05-12 21:30:00,131.728,131.737,131.604,131.607,1805,0,0
2020-05-12 22:00:00,131.607,131.644,131.517,131.518,859,2,0
2020-05-12 22:30:00,131.522,131.54,131.309,131.321,1311,0,0
2020-05-12 23:00:00,131.32,131.422,131.316,131.391,1325,13,0
2020-05-12 23:30:00,131.391,131.5,131.356,131.497,1812,19,0
2020-05-13 00:00:00,131.497,131.501,131.399,131.405,810,7,0
2020-05-13 00:30:00,131.404,131.619,131.386,131.576,845,6,0
2020-05-13 01:00:00,131.577,131.578,131.394,131.43,1041,1,0
2020-05-13 01:30:00,131.431,131.462,131.261,131.303,1176,2,0
2020-05-13 02:00:00,131.303,131.405,131.205,131.39,1729,0,0
2020-05-13 02:30:00,131.39,131.465,131.341,131.412,1861,0,0
2020-05-13 03:00:00,131.413,131.505,131.39,131.492,1806,2,0
2020-05-13 03:30:00,131.492,131.58,131.453,131.574,1511,0,0
2020-05-13 04:00:00,131.574,131.579,131.47,131.518,2040,0,0
2020-05-13 04:30:00,131.518,131.602,131.495,131.556,1388,2,0
2020-05-13 05:00:00,131.555,131.638,131.54,131.556,1365,1,0
2020-05-13 05:30:00,131.556,131.583,131.508,131.529,1312,1,0
2020-05-13 06:00:00,131.529,131.529,131.368,131.403,1407,0,0
2020-05-13 06:30:00,131.404,131.536,131.403,131.497,1249,1,0
2020-05-13 07:00:00,131.497,131.603,131.491,131.566,936,1,0
2020-05-13 07:30:00,131.565,131.649,131.444,131.486,1342,0,0
2020-05-13 08:00:00,131.484,131.75,131.391,131.729,1865,1,0
2020-05-13 08:30:00,131.729,131.803,131.635,131.731,2219,0,0
2020-05-13 09:00:00,131.732,131.743,131.421,131.441,2867,0,0
2020-05-13 09:30:00,131.441,131.441,131.248,131.359,2907,0,0
2020-05-13 10:00:00,131.359,131.422,131.306,131.337,2709,0,0
2020-05-13 10:30:00,131.341,131.452,131.267,131.405,2320,0,0
2020-05-13 11:00:00,131.406,131.512,131.264,131.468,2252,0,0
2020-05-13 11:30:00,131.468,131.837,131.424,131.699,2566,0,0
2020-05-13 12:00:00,131.699,131.724,131.608,131.618,2595,0,0
2020-05-13 12:30:00,131.618,131.62,131.485,131.53,2044,0,0
2020-05-13 13:00:00,131.53,131.712,131.504,131.667,2294,1,0
2020-05-13 13:30:00,131.667,131.936,131.623,131.778,2858,0,0
2020-05-13 14:00:00,131.778,131.855,131.677,131.763,2716,0,0
2020-05-13 14:30:00,131.767,131.78,131.576,131.671,2728,0,0
2020-05-13 15:00:00,131.671,131.712,131.301,131.48,4981,0,0
2020-05-13 15:30:00,131.48,131.568,131.296,131.349,4240,0,0
2020-05-13 16:00:00,131.35,131.354,130.942,131.119,4226,0,0
2020-05-13 16:30:00,131.119,131.231,130.895,130.969,4065,0,0
2020-05-13 17:00:00,130.969,131.051,130.772,130.785,3723,0,0
2020-05-13 17:30:00,130.785,130.853,130.652,130.709,3191,0,0
2020-05-13 18:00:00,130.708,130.824,130.657,130.725,3260,0,0
2020-05-13 18:30:00,130.725,130.866,130.723,130.829,2540,2,0
2020-05-13 19:00:00,130.829,130.979,130.749,130.976,2829,1,0
2020-05-13 19:30:00,130.976,131.001,130.891,130.905,2451,0,0
2020-05-13 20:00:00,130.907,130.942,130.815,130.854,2361,0,0
2020-05-13 20:30:00,130.854,130.862,130.689,130.721,1836,0,0
2020-05-13 21:00:00,130.724,130.807,130.691,130.75,2360,0,0
2020-05-13 21:30:00,130.75,130.892,130.726,130.794,2287,0,0
2020-05-13 22:00:00,130.793,130.937,130.76,130.924,1133,0,0
2020-05-13 22:30:00,130.923,130.982,130.893,130.893,1593,0,0
2020-05-13 23:00:00,130.89,130.996,130.811,130.989,3067,5,0
2020-05-13 23:30:00,130.989,130.992,130.926,130.96,3093,41,0
2020-05-14 00:00:00,130.96,131.0,130.882,130.885,1147,8,0
2020-05-14 00:30:00,130.884,130.912,130.836,130.91,580,7,0
2020-05-14 01:00:00,130.915,130.96,130.879,130.957,960,3,0
2020-05-14 01:30:00,130.955,131.007,130.857,130.867,1526,2,0
2020-05-14 02:00:00,130.868,130.868,130.716,130.798,1736,1,0
2020-05-14 02:30:00,130.8,130.817,130.699,130.762,2250,0,0
2020-05-14 03:00:00,130.763,130.886,130.743,130.843,1668,0,0
2020-05-14 03:30:00,130.846,130.863,130.428,130.436,2773,1,0
2020-05-14 04:00:00,130.436,130.577,130.435,130.534,1829,1,0
2020-05-14 04:30:00,130.533,130.596,130.499,130.589,1136,1,0
2020-05-14 05:00:00,130.592,130.624,130.545,130.603,1313,2,0
2020-05-14 05:30:00,130.602,130.613,130.493,130.548,1513,1,0
2020-05-14 06:00:00,130.549,130.607,130.54,130.583,1211,1,0
2020-05-14 06:30:00,130.584,130.584,130.457,130.503,1595,0,0
2020-05-14 07:00:00,130.503,130.509,130.404,130.446,1208,1,0
2020-05-14 07:30:00,130.446,130.456,130.255,130.28,1413,0,0
2020-05-14 08:00:00,130.278,130.316,130.143,130.284,2045,0,0
2020-05-14 08:30:00,130.284,130.4,130.183,130.261,1972,0,0
2020-05-14 09:00:00,130.261,130.447,130.208,130.307,2986,0,0
2020-05-14 09:30:00,130.305,130.531,130.259,130.275,3063,0,0
2020-05-14 10:00:00,130.274,130.484,130.272,130.449,2740,0,0
2020-05-14 10:30:00,130.448,130.531,130.348,130.357,2331,0,0
2020-05-14 11:00:00,130.356,130.591,130.315,130.583,2065,0,0
2020-05-14 11:30:00,130.583,130.687,130.553,130.63,1889,2,0
2020-05-14 12:00:00,130.63,130.635,130.379,130.533,3093,0,0
2020-05-14 12:30:00,130.533,130.759,130.469,130.621,2996,0,0
2020-05-14 13:00:00,130.623,130.649,130.469,130.515,2686,0,0
2020-05-14 13:30:00,130.514,130.612,130.431,130.608,2997,0,0
2020-05-14 14:00:00,130.603,130.645,130.424,130.473,3015,0,0
2020-05-14 14:30:00,130.474,130.536,130.276,130.356,3323,0,0
2020-05-14 15:00:00,130.356,130.527,130.303,130.486,2541,0,0
2020-05-14 15:30:00,130.485,130.507,130.26,130.323,3255,0,0
2020-05-14 16:00:00,130.322,130.588,130.241,130.49,3391,0,0
2020-05-14 16:30:00,130.49,130.715,130.475,130.576,3472,0,0
2020-05-14 17:00:00,130.576,130.849,130.576,130.646,2971,0,0
2020-05-14 17:30:00,130.646,130.661,130.478,130.586,3094,0,0
2020-05-14 18:00:00,130.585,130.689,130.529,130.631,3160,0,0
2020-05-14 18:30:00,130.631,130.787,130.581,130.743,2252,0,0
2020-05-14 19:00:00,130.742,130.835,130.705,130.791,2088,1,0
2020-05-14 19:30:00,130.791,130.907,130.733,130.768,2238,1,0
2020-05-14 20:00:00,130.768,130.853,130.707,130.811,2180,0,0
2020-05-14 20:30:00,130.811,130.832,130.724,130.757,1924,0,0
2020-05-14 21:00:00,130.757,131.198,130.746,131.164,2266,0,0
2020-05-14 21:30:00,131.166,131.303,131.135,131.235,2545,0,0
2020-05-14 22:00:00,131.233,131.267,131.111,131.113,1090,3,0
2020-05-14 22:30:00,131.113,131.236,131.112,131.123,1063,0,0
2020-05-14 23:00:00,131.121,131.189,131.061,131.137,229,21,0
2020-05-14 23:30:00,131.137,131.155,130.816,131.132,850,49,0
2020-05-15 00:00:00,131.136,131.202,131.115,131.188,1331,9,0
2020-05-15 00:30:00,131.193,131.201,131.085,131.107,892,1,0
2020-05-15 01:00:00,131.107,131.225,131.107,131.218,1160,3,0
2020-05-15 01:30:00,131.218,131.345,131.208,131.328,1037,3,0
2020-05-15 02:00:00,131.328,131.417,131.235,131.283,1868,0,0
2020-05-15 02:30:00,131.283,131.357,131.212,131.243,2207,0,0
2020-05-15 03:00:00,131.243,131.266,131.092,131.132,1889,0,0
2020-05-15 03:30:00,131.133,131.157,130.915,131.046,1750,1,0
2020-05-15 04:00:00,131.046,131.059,130.944,131.002,1969,0,0
2020-05-15 04:30:00,131.003,131.081,130.997,131.034,1526,0,0
2020-05-15 05:00:00,131.034,131.046,130.935,130.99,1784,1,0
2020-05-15 05:30:00,130.989,131.013,130.839,130.907,2033,0,0
2020-05-15 06:00:00,130.907,130.986,130.907,130.94,1697,1,0
2020-05-15 06:30:00,130.939,131.015,130.929,130.99,1707,1,0
2020-05-15 07:00:00,130.99,131.023,130.913,130.919,1963,0,0
2020-05-15 07:30:00,130.919,130.968,130.882,130.932,1371,3,0
2020-05-15 08:00:00,130.936,130.955,130.78,130.796,1545,1,0
2020-05-15 08:30:00,130.795,130.802,130.6,130.75,1884,0,0
2020-05-15 09:00:00,130.749,130.899,130.639,130.776,2878,0,0
2020-05-15 09:30:00,130.776,130.854,130.67,130.81,2485,0,0
2020-05-15 10:00:00,130.807,130.907,130.69,130.707,2205,0,0
2020-05-15 10:30:00,130.707,130.76,130.634,130.67,1917,0,0
2020-05-15 11:00:00,130.668,130.751,130.585,130.586,2077,0,0
2020-05-15 11:30:00,130.586,130.723,130.549,130.689,2126,0,0
2020-05-15 12:00:00,130.689,130.798,130.629,130.709,2051,0,0
2020-05-15 12:30:00,130.706,130.707,130.493,130.522,2719,0,0
2020-05-15 13:00:00,130.52,130.533,130.339,130.348,2711,0,0
2020-05-15 13:30:00,130.348,130.39,130.08,130.093,2863,0,0
2020-05-15 14:00:00,130.094,130.266,129.987,130.081,3296,0,0
2020-05-15 14:30:00,130.081,130.351,130.012,130.234,3900,0,0
2020-05-15 15:00:00,130.234,130.313,130.122,130.132,3365,0,0
2020-05-15 15:30:00,130.132,130.324,129.989,130.184,3622,0,0
2020-05-15 16:00:00,130.187,130.489,130.037,130.224,3514,0,0
2020-05-15 16:30:00,130.221,130.248,129.999,130.09,3987,0,0
2020-05-15 17:00:00,130.089,130.144,129.991,130.081,3343,0,0
2020-05-15 17:30:00,130.085,130.183,129.997,130.106,2638,0,0
2020-05-15 18:00:00,130.106,130.218,130.098,130.132,2412,0,0
2020-05-15 18:30:00,130.132,130.132,129.985,130.028,2245,0,0
2020-05-15 19:00:00,130.028,130.086,129.987,130.039,1670,1,0
2020-05-15 19:30:00,130.041,130.138,130.025,130.03,1437,0,0
2020-05-15 20:00:00,130.029,130.139,130.02,130.116,1382,1,0
2020-05-15 20:30:00,130.116,130.119,129.987,129.997,1330,0,0
2020-05-15 21:00:00,129.997,130.064,129.987,130.004,966,0,0
2020-05-15 21:30:00,129.995,130.002,129.888,129.934,1381,0,0
2020-05-15 22:00:00,129.933,129.942,129.775,129.798,1127,1,0
2020-05-15 22:30:00,129.798,129.799,129.473,129.541,1515,0,0
2020-05-18 00:00:00,129.438,129.648,129.438,129.645,1532,9,0
2020-05-18 00:30:00,129.644,129.776,129.634,129.689,934,5,0
2020-05-18 01:00:00,129.689,129.743,129.532,129.635,952,3,0
2020-05-18 01:30:00,129.635,129.635,129.512,129.564,1367,0,0
2020-05-18 02:00:00,129.569,129.681,129.569,129.665,1796,0,0
2020-05-18 02:30:00,129.664,129.739,129.554,129.636,1533,1,0
2020-05-18 03:00:00,129.636,129.736,129.604,129.696,1437,0,0
2020-05-18 03:30:00,129.696,129.785,129.649,129.68,1306,2,0
2020-05-18 04:00:00,129.68,129.774,129.66,129.745,1500,1,0
2020-05-18 04:30:00,129.75,129.768,129.652,129.683,1655,2,0
2020-05-18 05:00:00,129.684,129.707,129.64,129.696,966,1,0
2020-05-18 05:30:00,129.694,129.734,129.671,129.717,892,3,0
2020-05-18 06:00:00,129.717,129.728,129.591,129.671,1092,0,0
2020-05-18 06:30:00,129.671,129.673,129.55,129.598,1187,0,0
2020-05-18 07:00:00,129.598,129.672,129.583,129.624,1120,1,0
2020-05-18 07:30:00,129.624,129.678,129.596,129.648,963,0,0
2020-05-18 08:00:00,129.649,129.824,129.59,129.79,1619,1,0
2020-05-18 08:30:00,129.79,129.849,129.733,129.772,2265,0,0
2020-05-18 09:00:00,129.773,129.836,129.743,129.79,2478,1,0
2020-05-18 09:30:00,129.789,129.882,129.746,129.789,2288,0,0
2020-05-18 10:00:00,129.79,129.994,129.788,129.955,2885,0,0
2020-05-18 10:30:00,129.955,129.98,129.782,129.871,2668,0,0
2020-05-18 11:00:00,129.871,129.979,129.81,129.894,2296,0,0
2020-05-18 11:30:00,129.893,130.116,129.885,130.085,2013,0,0
2020-05-18 12:00:00,130.085,130.147,130.043,130.115,2182,0,0
2020-05-18 12:30:00,130.115,130.191,130.064,130.091,2404,0,0
2020-05-18 13:00:00,130.092,130.232,130.008,130.129,2222,0,0
2020-05-18 13:30:00,130.13,130.417,130.1,130.353,2502,0,0
2020-05-18 14:00:00,130.352,130.703,130.323,130.691,3083,0,0
2020-05-18 14:30:00,130.691,130.777,130.524,130.71,2612,0,0
2020-05-18 15:00:00,130.71,130.879,130.618,130.749,2843,0,0
2020-05-18 15:30:00,130.749,131.054,130.704,131.015,3910,0,0
2020-05-18 16:00:00,131.015,131.032,130.769,130.785,2651,0,0
2020-05-18 16:30:00,130.784,131.093,130.776,130.968,2915,0,0
2020-05-18 17:00:00,130.97,131.28,130.919,131.091,3359,0,0
2020-05-18 17:30:00,131.091,131.17,130.844,130.936,3569,0,0
2020-05-18 18:00:00,130.938,130.987,130.682,130.755,3374,0,0
2020-05-18 18:30:00,130.756,130.758,130.625,130.649,1922,0,0
2020-05-18 19:00:00,130.649,130.88,130.595,130.871,2404,0,0
2020-05-18 19:30:00,130.867,130.911,130.829,130.893,1693,0,0
2020-05-18 20:00:00,130.893,130.957,130.893,130.919,1430,0,0
2020-05-18 20:30:00,130.92,130.985,130.918,130.94,1483,1,0
2020-05-18 21:00:00,130.944,130.973,130.872,130.893,1377,0,0
2020-05-18 21:30:00,130.892,130.969,130.887,130.927,1295,1,0
2020-05-18 22:00:00,130.929,130.951,130.859,130.9,783,0,0
2020-05-18 22:30:00,130.9,130.901,130.821,130.866,1229,2,0
2020-05-18 23:00:00,130.86,130.875,130.763,130.796,361,24,0
2020-05-18 23:30:00,130.796,130.869,130.759,130.853,1159,46,0
2020-05-19 00:00:00,130.853,130.939,130.832,130.908,1215,0,0
2020-05-19 00:30:00,130.909,130.939,130.89,130.918,992,6,0
2020-05-19 01:00:00,130.923,130.956,130.894,130.943,798,0,0
2020-05-19 01:30:00,130.943,131.004,130.912,131.003,1024,0,0
2020-05-19 02:00:00,131.005,131.297,130.95,131.212,1751,0,0
2020-05-19 02:30:00,131.212,131.22,131.07,131.107,1667,0,0
2020-05-19 03:00:00,131.107,131.141,131.049,131.122,1567,1,0
2020-05-19 03:30:00,131.122,131.206,131.07,131.117,1812,0,0
2020-05-19 04:00:00,131.117,131.143,131.041,131.087,1533,1,0
2020-05-19 04:30:00,131.086,131.092,130.963,130.994,1180,2,0
2020-05-19 05:00:00,130.994,131.008,130.781,130.889,1735,0,0
2020-05-19 05:30:00,130.889,130.947,130.867,130.902,1293,0,0
2020-05-19 06:00:00,130.902,131.053,130.902,130.991,1412,0,0
2020-05-19 06:30:00,130.988,131.143,130.978,131.128,1129,0,0
2020-05-19 07:00:00,131.127,131.14,131.01,131.038,1156,2,0
2020-05-19 07:30:00,131.038,131.061,130.955,131.011,1737,0,0
2020-05-19 08:00:00,131.011,131.572,131.01,131.572,2708,0,0
2020-05-19 08:30:00,131.57,131.782,131.48,131.702,3109,0,0
2020-05-19 09:00:00,131.698,131.778,131.55,131.62,3497,0,0
2020-05-19 09:30:00,131.619,131.646,131.42,131.569,3045,0,0
2020-05-19 10:00:00,131.569,131.57,131.281,131.316,2816,0,0
2020-05-19 10:30:00,131.317,131.685,131.317,131.667,3967,0,0
2020-05-19 11:00:00,131.667,131.696,131.515,131.689,2633,0,0
2020-05-19 11:30:00,131.689,131.835,131.659,131.66,2424,0,0
2020-05-19 12:00:00,131.662,131.704,131.526,131.665,2231,0,0
2020-05-19 12:30:00,131.665,131.881,131.64,131.819,2357,0,0
2020-05-19 13:00:00,131.819,131.925,131.806,131.898,2309,0,0
2020-05-19 13:30:00,131.899,131.969,131.775,131.836,2184,1,0
2020-05-19 14:00:00,131.837,131.932,131.75,131.902,2479,0,0
2020-05-19 14:30:00,131.902,132.127,131.873,132.118,2677,0,0
2020-05-19 15:00:00,132.118,132.248,132.003,132.224,3238,0,0
2020-05-19 15:30:00,132.225,132.245,131.927,132.153,3157,0,0
2020-05-19 16:00:00,132.154,132.387,132.102,132.172,3102,0,0
2020-05-19 16:30:00,132.175,132.257,132.076,132.247,3240,0,0
2020-05-19 17:00:00,132.256,132.307,132.132,132.154,2378,0,0
2020-05-19 17:30:00,132.153,132.226,132.032,132.177,2309,0,0
2020-05-19 18:00:00,132.177,132.254,132.127,132.177,1598,0,0
2020-05-19 18:30:00,132.177,132.183,132.055,132.081,1478,0,0
2020-05-19 19:00:00,132.081,132.188,132.078,132.12,1117,0,0
2020-05-19 19:30:00,132.119,132.214,132.1,132.194,1008,0,0
2020-05-19 20:00:00,132.189,132.504,132.172,132.448,1727,1,0
2020-05-19 20:30:00,132.447,132.471,132.273,132.318,1540,0,0
2020-05-19 21:00:00,132.318,132.423,132.188,132.198,1981,0,0
2020-05-19 21:30:00,132.198,132.207,131.964,131.99,2263,0,0
2020-05-19 22:00:00,131.99,132.032,131.858,131.876,1214,0,0
2020-05-19 22:30:00,131.876,131.962,131.777,131.954,993,1,0
2020-05-19 23:00:00,131.954,131.994,131.788,131.906,394,18,0
2020-05-19 23:30:00,131.906,131.925,131.838,131.897,414,37,0
2020-05-20 00:00:00,131.898,131.991,131.851,131.976,1587,3,0
2020-05-20 00:30:00,131.976,132.121,131.955,132.088,961,4,0
2020-05-20 01:00:00,132.09,132.238,132.059,132.228,764,0,0
2020-05-20 01:30:00,132.228,132.229,132.115,132.141,876,2,0
2020-05-20 02:00:00,132.142,132.365,132.136,132.263,1805,0,0
2020-05-20 02:30:00,132.263,132.421,132.263,132.351,1866,0,0
2020-05-20 03:00:00,132.351,132.374,132.267,132.325,1133,0,0
2020-05-20 03:30:00,132.325,132.351,132.282,132.324,1227,1,0
2020-05-20 04:00:00,132.324,132.324,132.114,132.154,1571,1,0
2020-05-20 04:30:00,132.153,132.251,132.098,132.106,1213,1,0
2020-05-20 05:00:00,132.105,132.171,132.049,132.165,1266,1,0
2020-05-20 05:30:00,132.166,132.251,132.12,132.142,1181,2,0
2020-05-20 06:00:00,132.147,132.23,132.136,132.163,1439,2,0
2020-05-20 06:30:00,132.164,132.19,132.109,132.114,989,1,0
2020-05-20 07:00:00,132.114,132.205,132.114,132.201,1132,0,0
2020-05-20 07:30:00,132.201,132.202,132.052,132.114,1530,2,0
2020-05-20 08:00:00,132.12,132.211,131.861,131.886,1792,1,0
2020-05-20 08:30:00,131.886,131.996,131.774,131.805,2104,0,0
2020-05-20 09:00:00,131.806,131.913,131.658,131.684,3372,0,0
2020-05-20 09:30:00,131.684,131.731,131.562,131.609,2633,0,0
2020-05-20 10:00:00,131.611,131.832,131.6,131.765,2411,0,0
2020-05-20 10:30:00,131.763,131.812,131.683,131.804,2378,0,0
2020-05-20 11:00:00,131.803,131.88,131.713,131.822,2341,1,0
2020-05-20 11:30:00,131.822,132.128,131.775,132.099,1973,0,0
2020-05-20 12:00:00,132.099,132.163,132.01,132.01,2571,0,0
2020-05-20 12:30:00,132.01,132.01,131.822,131.996,2112,1,0
2020-05-20 13:00:00,131.996,132.09,131.839,131.851,2371,0,0
2020-05-20 13:30:00,131.851,131.974,131.781,131.943,2028,0,0
2020-05-20 14:00:00,131.952,132.025,131.85,131.908,2375,0,0
2020-05-20 14:30:00,131.908,131.949,131.813,131.919,2589,0,0
2020-05-20 15:00:00,131.919,132.163,131.877,132.125,2619,0,0
2020-05-20 15:30:00,132.125,132.157,131.868,131.973,3146,0,0
2020-05-20 16:00:00,131.971,132.01,131.71,131.769,3212,0,0
2020-05-20 16:30:00,131.771,131.922,131.714,131.811,2802,0,0
2020-05-20 17:00:00,131.81,131.855,131.707,131.787,2453,0,0
2020-05-20 17:30:00,131.786,131.797,131.604,131.682,2512,0,0
2020-05-20 18:00:00,131.682,131.727,131.484,131.592,2354,0,0
2020-05-20 18:30:00,131.592,131.594,131.481,131.503,2363,0,0
2020-05-20 19:00:00,131.505,131.555,131.467,131.485,1958,0,0
2020-05-20 19:30:00,131.483,131.546,131.449,131.517,1495,1,0
2020-05-20 20:00:00,131.521,131.538,131.449,131.52,2179,0,0
2020-05-20 20:30:00,131.52,131.594,131.438,131.441,1572,0,0
2020-05-20 21:00:00,131.445,131.567,131.444,131.518,1338,2,0
2020-05-20 21:30:00,131.518,131.551,131.465,131.537,1230,0,0
2020-05-20 22:00:00,131.538,131.586,131.516,131.549,644,0,0
2020-05-20 22:30:00,131.549,131.624,131.529,131.575,957,0,0
2020-05-20 23:00:00,131.571,131.586,131.488,131.565,414,67,0
2020-05-20 23:30:00,131.569,131.614,131.554,131.592,294,33,0
2020-05-21 00:00:00,131.592,131.722,131.57,131.672,1571,3,0
2020-05-21 00:30:00,131.672,131.78,131.669,131.696,686,2,0
2020-05-21 01:00:00,131.697,131.717,131.62,131.629,729,2,0
2020-05-21 01:30:00,131.629,131.671,131.582,131.655,790,0,0
2020-05-21 02:00:00,131.654,131.669,131.454,131.469,1825,0,0
2020-05-21 02:30:00,131.468,131.584,131.453,131.533,1934,0,0
2020-05-21 03:00:00,131.53,131.539,131.397,131.457,1639,0,0
2020-05-21 03:30:00,131.457,131.463,131.318,131.335,1814,0,0
2020-05-21 04:00:00,131.335,131.381,131.228,131.286,1566,0,0
2020-05-21 04:30:00,131.286,131.348,131.251,131.329,1138,0,0
2020-05-21 05:00:00,131.329,131.358,131.309,131.344,841,1,0
2020-05-21 05:30:00,131.344,131.35,131.254,131.289,788,1,0
2020-05-21 06:00:00,131.289,131.337,131.279,131.311,777,0,0
2020-05-21 06:30:00,131.311,131.352,131.294,131.335,971,0,0
2020-05-21 07:00:00,131.335,131.349,131.299,131.307,728,1,0
2020-05-21 07:30:00,131.307,131.319,131.223,131.236,1398,0,0
2020-05-21 08:00:00,131.236,131.409,131.231,131.319,1769,1,0
2020-05-21 08:30:00,131.32,131.473,131.312,131.446,1733,0,0
2020-05-21 09:00:00,131.447,131.588,131.405,131.579,2421,0,0
2020-05-21 09:30:00,131.572,131.58,131.377,131.396,2474,0,0
2020-05-21 10:00:00,131.387,131.479,131.34,131.441,2015,0,0
2020-05-21 10:30:00,131.445,131.745,131.441,131.745,2413,0,0
2020-05-21 11:00:00,131.744,131.939,131.685,131.851,2689,0,0
2020-05-21 11:30:00,131.851,131.863,131.747,131.81,1918,0,0
2020-05-21 12:00:00,131.81,131.943,131.714,131.907,1828,0,0
2020-05-21 12:30:00,131.907,131.951,131.716,131.738,2294,0,0
2020-05-21 13:00:00,131.738,131.834,131.703,131.753,2697,0,0
2020-05-21 13:30:00,131.754,131.869,131.612,131.658,2152,0,0
2020-05-21 14:00:00,131.666,131.731,131.601,131.688,2151,0,0
2020-05-21 14:30:00,131.677,131.823,131.612,131.728,3088,0,0
2020-05-21 15:00:00,131.728,131.728,131.514,131.655,2791,0,0
2020-05-21 15:30:00,131.655,131.911,131.636,131.823,3170,0,0
2020-05-21 16:00:00,131.824,131.933,131.744,131.886,2930,0,0
2020-05-21 16:30:00,131.888,131.92,131.668,131.682,4014,0,0
2020-05-21 17:00:00,131.679,131.709,131.474,131.65,2940,0,0
2020-05-21 17:30:00,131.646,131.759,131.604,131.645,2375,0,0
2020-05-21 18:00:00,131.644,131.696,131.614,131.614,1704,1,0
2020-05-21 18:30:00,131.614,131.669,131.51,131.652,1760,0,0
2020-05-21 19:00:00,131.654,131.802,131.653,131.769,2057,0,0
2020-05-21 19:30:00,131.769,131.806,131.698,131.755,1609,1,0
2020-05-21 20:00:00,131.754,131.802,131.735,131.739,1150,0,0
2020-05-21 20:30:00,131.739,131.746,131.587,131.626,1676,0,0
2020-05-21 21:00:00,131.626,131.697,131.613,131.63,1364,0,0
2020-05-21 21:30:00,131.63,131.659,131.424,131.43,1462,1,0
2020-05-21 22:00:00,131.434,131.481,131.408,131.438,798,0,0
2020-05-21 22:30:00,131.437,131.53,131.436,131.489,789,1,0
2020-05-21 23:00:00,131.46,131.63,131.455,131.56,602,5,0
2020-05-21 23:30:00,131.565,131.619,131.536,131.596,382,22,0
2020-05-22 00:00:00,131.596,131.634,131.484,131.634,596,3,0
2020-05-22 00:30:00,131.633,131.633,131.532,131.537,584,4,0
2020-05-22 01:00:00,131.535,131.579,131.486,131.545,945,5,0
2020-05-22 01:30:00,131.545,131.576,131.523,131.56,838,2,0
2020-05-22 02:00:00,131.559,131.699,131.513,131.666,2137,1,0
2020-05-22 02:30:00,131.666,131.779,131.66,131.707,2045,0,0
2020-05-22 03:00:00,131.708,131.727,131.515,131.61,2224,1,0
2020-05-22 03:30:00,131.61,131.625,131.479,131.547,2201,1,0
2020-05-22 04:00:00,131.547,131.548,131.327,131.374,2428,0,0
2020-05-22 04:30:00,131.372,131.487,131.327,131.405,1745,1,0
2020-05-22 05:00:00,131.405,131.482,131.322,131.35,1400,0,0
2020-05-22 05:30:00,131.35,131.363,131.246,131.351,1926,1,0
2020-05-22 06:00:00,131.35,131.359,131.145,131.157,1684,2,0
2020-05-22 06:30:00,131.157,131.218,131.156,131.19,1446,1,0
2020-05-22 07:00:00,131.19,131.195,131.056,131.073,1649,0,0
2020-05-22 07:30:00,131.074,131.337,131.064,131.276,1457,0,0
2020-05-22 08:00:00,131.251,131.309,131.084,131.118,2044,0,0
2020-05-22 08:30:00,131.118,131.144,131.051,131.088,2200,1,0
2020-05-22 09:00:00,131.09,131.101,130.712,130.764,3242,0,0
2020-05-22 09:30:00,130.764,130.828,130.675,130.737,2696,0,0
2020-05-22 10:00:00,130.737,130.994,130.703,130.881,2451,0,0
2020-05-22 10:30:00,130.88,130.988,130.826,130.95,2346,0,0
2020-05-22 11:00:00,130.949,131.052,130.866,130.963,2187,0,0
2020-05-22 11:30:00,130.964,130.996,130.756,130.833,2199,0,0
2020-05-22 12:00:00,130.832,131.023,130.784,130.8,2437,0,0
2020-05-22 12:30:00,130.799,130.955,130.693,130.921,2174,0,0
2020-05-22 13:00:00,130.922,131.004,130.864,130.947,2211,0,0
2020-05-22 13:30:00,130.947,130.984,130.847,130.925,2021,0,0
2020-05-22 14:00:00,130.923,130.966,130.874,130.896,2164,0,0
2020-05-22 14:30:00,130.896,130.979,130.839,130.929,1905,0,0
2020-05-22 15:00:00,130.929,131.079,130.912,131.06,2186,0,0
2020-05-22 15:30:00,131.06,131.118,130.996,131.085,2573,0,0
2020-05-22 16:00:00,131.085,131.117,130.935,131.117,2170,0,0
2020-05-22 16:30:00,131.117,131.352,130.994,131.024,2887,0,0
2020-05-22 17:00:00,131.024,131.033,130.924,130.97,1744,0,0
2020-05-22 17:30:00,130.97,130.977,130.833,130.905,1572,1,0
2020-05-22 18:00:00,130.905,130.991,130.888,130.947,1155,0,0
2020-05-22 18:30:00,130.947,130.966,130.88,130.894,1027,0,0
2020-05-22 19:00:00,130.896,130.97,130.861,130.963,1166,1,0
2020-05-22 19:30:00,130.963,131.012,130.9,131.012,1098,1,0
2020-05-22 20:00:00,131.012,131.062,130.99,131.055,1207,0,0
2020-05-22 20:30:00,131.055,131.078,130.957,130.961,664,1,0
2020-05-22 21:00:00,130.961,130.993,130.908,130.963,991,0,0
2020-05-22 21:30:00,130.963,131.006,130.923,131.004,1537,2,0
2020-05-22 22:00:00,130.999,131.027,130.948,130.959,957,0,0
2020-05-22 22:30:00,130.959,130.977,130.895,130.917,777,2,0
2020-05-25 00:00:00,130.933,131.096,130.932,131.079,675,6,0
2020-05-25 00:30:00,131.079,131.264,131.055,131.226,679,1,0
2020-05-25 01:00:00,131.226,131.288,131.157,131.284,685,3,0
2020-05-25 01:30:00,131.284,131.326,131.249,131.298,1758,2,0
2020-05-25 02:00:00,131.298,131.348,131.177,131.319,1916,0,0
2020-05-25 02:30:00,131.319,131.352,131.178,131.213,1803,0,0
2020-05-25 03:00:00,131.213,131.235,131.112,131.16,1422,0,0
2020-05-25 03:30:00,131.16,131.168,131.04,131.122,1647,1,0
2020-05-25 04:00:00,131.123,131.136,131.055,131.109,1600,0,0
2020-05-25 04:30:00,131.109,131.155,131.07,131.111,1358,2,0
2020-05-25 05:00:00,131.111,131.195,131.111,131.16,1765,3,0
2020-05-25 05:30:00,131.16,131.21,131.149,131.179,1570,3,0
2020-05-25 06:00:00,131.179,131.218,131.166,131.197,1343,2,0
2020-05-25 06:30:00,131.197,131.214,131.132,131.142,914,1,0
2020-05-25 07:00:00,131.145,131.186,131.144,131.161,825,0,0
2020-05-25 07:30:00,131.161,131.161,131.08,131.14,1291,0,0
2020-05-25 08:00:00,131.136,131.198,131.07,131.136,1843,0,0
2020-05-25 08:30:00,131.136,131.201,131.068,131.102,1497,1,0
2020-05-25 09:00:00,131.099,131.132,131.024,131.032,1870,1,0
2020-05-25 09:30:00,131.032,131.124,130.991,131.08,1703,0,0
2020-05-25 10:00:00,131.081,131.138,131.038,131.107,1651,0,0
2020-05-25 10:30:00,131.106,131.302,131.106,131.243,1728,1,0
2020-05-25 11:00:00,131.242,131.287,131.199,131.231,1654,3,0
2020-05-25 11:30:00,131.232,131.318,131.217,131.274,1452,0,0
2020-05-25 12:00:00,131.275,131.275,131.147,131.154,1525,0,0
2020-05-25 12:30:00,131.154,131.234,131.153,131.199,1320,1,0
2020-05-25 13:00:00,131.199,131.228,131.101,131.128,1441,2,0
2020-05-25 13:30:00,131.128,131.289,131.117,131.283,1382,1,0
2020-05-25 14:00:00,131.283,131.29,131.207,131.24,1456,2,0
2020-05-25 14:30:00,131.239,131.306,131.21,131.21,1148,0,0
2020-05-25 15:00:00,131.209,131.286,131.192,131.254,1211,2,0
2020-05-25 15:30:00,131.254,131.352,131.188,131.343,1727,0,0
2020-05-25 16:00:00,131.343,131.378,131.249,131.299,1504,0,0
2020-05-25 16:30:00,131.299,131.407,131.293,131.342,1351,0,0
2020-05-25 17:00:00,131.342,131.355,131.268,131.35,902,2,0
2020-05-25 17:30:00,131.349,131.376,131.316,131.344,854,1,0
2020-05-25 18:00:00,131.344,131.386,131.294,131.312,762,0,0
2020-05-25 18:30:00,131.312,131.328,131.226,131.243,769,2,0
2020-05-25 19:00:00,131.243,131.349,131.238,131.325,1361,0,0
2020-05-25 19:30:00,131.325,131.34,131.319,131.329,1030,3,0
2020-05-25 20:00:00,131.33,131.36,131.316,131.32,816,0,0
2020-05-25 20:30:00,131.321,131.352,131.311,131.337,1517,1,0
2020-05-25 21:00:00,131.336,131.363,131.314,131.348,1151,2,0
2020-05-25 21:30:00,131.348,131.36,131.321,131.35,817,2,0
2020-05-25 22:00:00,131.35,131.361,131.331,131.345,711,5,0
2020-05-25 22:30:00,131.345,131.355,131.083,131.2,1820,10,0
2020-05-25 23:00:00,131.199,131.301,131.173,131.252,207,32,0
2020-05-25 23:30:00,131.252,131.273,131.154,131.236,480,87,0
2020-05-26 00:00:00,131.236,131.324,131.193,131.318,639,0,0
2020-05-26 00:30:00,131.316,131.341,131.307,131.316,666,6,0
2020-05-26 01:00:00,131.316,131.361,131.306,131.345,740,0,0
2020-05-26 01:30:00,131.347,131.402,131.335,131.397,836,2,0
2020-05-26 02:00:00,131.396,131.497,131.375,131.429,1699,0,0
2020-05-26 02:30:00,131.431,131.659,131.422,131.636,1985,0,0
2020-05-26 03:00:00,131.636,131.822,131.61,131.753,2325,0,0
2020-05-26 03:30:00,131.753,131.792,131.695,131.719,1946,1,0
2020-05-26 04:00:00,131.719,131.731,131.649,131.67,1416,1,0
2020-05-26 04:30:00,131.669,131.683,131.609,131.674,1050,1,0
2020-05-26 05:00:00,131.674,131.702,131.587,131.646,1242,1,0
2020-05-26 05:30:00,131.646,131.731,131.629,131.715,1314,0,0
2020-05-26 06:00:00,131.715,131.752,131.637,131.747,974,1,0
2020-05-26 06:30:00,131.747,131.816,131.719,131.753,877,0,0
2020-05-26 07:00:00,131.753,131.792,131.738,131.758,750,1,0
2020-05-26 07:30:00,131.758,131.811,131.734,131.796,1077,1,0
2020-05-26 08:00:00,131.794,132.097,131.792,132.08,2266,0,0
2020-05-26 08:30:00,132.08,132.215,131.98,132.189,2007,0,0
2020-05-26 09:00:00,132.187,132.324,132.119,132.211,3034,0,0
2020-05-26 09:30:00,132.211,132.252,132.109,132.236,2417,0,0
2020-05-26 10:00:00,132.236,132.361,132.2,132.202,2376,0,0
2020-05-26 10:30:00,132.202,132.565,132.186,132.537,2994,0,0
2020-05-26 11:00:00,132.537,132.812,132.536,132.684,3001,0,0
2020-05-26 11:30:00,132.684,132.684,132.588,132.609,469,1,0
2020-05-26 12:30:00,132.619,132.726,132.528,132.563,1930,0,0
2020-05-26 13:00:00,132.562,132.649,132.485,132.492,2112,0,0
2020-05-26 13:30:00,132.492,132.588,132.466,132.511,2204,0,0
2020-05-26 14:00:00,132.511,132.511,132.35,132.43,1854,0,0
2020-05-26 14:30:00,132.429,132.712,132.363,132.597,2476,0,0
2020-05-26 15:00:00,132.6,132.686,132.52,132.601,2477,0,0
2020-05-26 15:30:00,132.601,132.711,132.546,132.631,2297,0,0
2020-05-26 16:00:00,132.632,132.838,132.626,132.824,2567,0,0
2020-05-26 16:30:00,132.83,132.866,132.684,132.79,3152,0,0
2020-05-26 17:00:00,132.792,132.854,132.597,132.835,3183,0,0
2020-05-26 17:30:00,132.827,133.005,132.752,132.995,3046,0,0
2020-05-26 18:00:00,132.993,133.039,132.799,132.832,2984,0,0
2020-05-26 18:30:00,132.832,132.935,132.75,132.765,2573,0,0
2020-05-26 19:00:00,132.764,132.895,132.733,132.74,1603,0,0
2020-05-26 19:30:00,132.74,132.787,132.65,132.683,1625,0,0
2020-05-26 20:00:00,132.683,132.694,132.618,132.656,1664,0,0
2020-05-26 20:30:00,132.656,132.684,132.578,132.614,1332,0,0
2020-05-26 21:00:00,132.614,132.73,132.61,132.71,1273,1,0
2020-05-26 21:30:00,132.71,132.772,132.685,132.716,1886,0,0
2020-05-26 22:00:00,132.715,132.77,132.674,132.748,1234,1,0
2020-05-26 22:30:00,132.749,132.768,132.479,132.492,2357,0,0
2020-05-26 23:00:00,132.488,132.6,132.484,132.586,1187,1,0
2020-05-26 23:30:00,132.586,132.705,132.58,132.609,935,2,0
2020-05-27 00:00:00,132.577,132.717,132.528,132.691,1796,7,0
2020-05-27 00:30:00,132.691,132.705,132.588,132.605,1347,33,0
2020-05-27 01:00:00,132.605,132.652,132.576,132.582,696,6,0
2020-05-27 01:30:00,132.582,132.606,132.567,132.596,379,5,0
2020-05-27 02:00:00,132.595,132.643,132.566,132.566,707,3,0
2020-05-27 02:30:00,132.567,132.589,132.526,132.558,908,0,0
2020-05-27 03:00:00,132.558,132.603,132.287,132.391,1988,0,0
2020-05-27 03:30:00,132.392,132.517,132.314,132.501,1636,2,0
2020-05-27 04:00:00,132.5,132.685,132.494,132.591,2241,1,0
2020-05-27 04:30:00,132.59,132.604,132.425,132.425,1765,1,0
2020-05-27 05:00:00,132.426,132.469,132.3,132.367,1909,1,0
2020-05-27 05:30:00,132.367,132.485,132.296,132.47,1526,0,0
2020-05-27 06:00:00,132.47,132.499,132.362,132.394,1261,0,0
2020-05-27 06:30:00,132.394,132.492,132.346,132.447,1398,1,0
2020-05-27 07:00:00,132.447,132.503,132.387,132.499,1171,1,0
2020-05-27 07:30:00,132.498,132.506,132.302,132.321,1230,1,0
2020-05-27 08:00:00,132.321,132.497,132.283,132.49,1330,0,0
2020-05-27 08:30:00,132.489,132.493,132.381,132.424,1323,2,0
2020-05-27 09:00:00,132.423,132.635,132.405,132.484,1985,0,0
2020-05-27 09:30:00,132.485,132.485,132.336,132.422,1924,0,0
2020-05-27 10:00:00,132.421,132.491,132.122,132.183,2711,0,0
2020-05-27 10:30:00,132.183,132.269,132.14,132.221,2370,0,0
2020-05-27 11:00:00,132.221,132.448,132.163,132.343,2362,0,0
2020-05-27 11:30:00,132.344,132.435,132.291,132.378,2472,0,0
2020-05-27 12:00:00,132.378,132.524,132.255,132.475,3898,0,0
2020-05-27 12:30:00,132.477,132.853,132.334,132.841,4144,0,0
2020-05-27 13:00:00,132.841,133.003,132.703,132.838,3626,0,0
2020-05-27 13:30:00,132.838,132.901,132.772,132.858,2890,0,0
2020-05-27 14:00:00,132.858,132.939,132.721,132.832,2674,0,0
2020-05-27 14:30:00,132.832,132.893,132.667,132.741,2851,0,0
2020-05-27 15:00:00,132.741,132.78,132.225,132.429,4017,0,0
2020-05-27 15:30:00,132.429,132.573,132.37,132.4,3078,0,0
2020-05-27 16:00:00,132.403,132.521,132.261,132.266,3436,0,0
2020-05-27 16:30:00,132.265,132.291,131.955,132.096,4034,0,0
2020-05-27 17:00:00,132.098,132.274,131.874,132.021,3784,0,0
2020-05-27 17:30:00,132.021,132.026,131.655,131.676,4280,0,0
2020-05-27 18:00:00,131.677,131.763,131.63,131.717,3859,0,0
2020-05-27 18:30:00,131.716,131.864,131.687,131.829,3242,0,0
2020-05-27 19:00:00,131.828,131.94,131.786,131.82,2811,0,0
2020-05-27 19:30:00,131.816,131.902,131.789,131.864,2396,0,0
2020-05-27 20:00:00,131.863,131.948,131.772,131.888,2227,0,0
2020-05-27 20:30:00,131.887,131.952,131.829,131.934,1887,1,0
2020-05-27 21:00:00,131.935,131.998,131.857,131.858,2077,0,0
2020-05-27 21:30:00,131.859,131.995,131.846,131.993,1623,0,0
2020-05-27 22:00:00,131.994,132.018,131.905,131.999,1542,0,0
2020-05-27 22:30:00,131.999,132.091,131.979,132.059,2104,0,0
2020-05-27 23:00:00,132.059,132.106,132.041,132.093,1014,3,0
2020-05-27 23:30:00,132.093,132.128,132.058,132.064,1826,2,0
2020-05-28 00:00:00,132.064,132.072,132.023,132.046,2616,13,0
2020-05-28 00:30:00,132.046,132.061,132.018,132.05,734,31,0
2020-05-28 01:00:00,132.05,132.096,132.049,132.084,591,3,0
2020-05-28 01:30:00,132.084,132.161,132.071,132.143,474,3,0
2020-05-28 02:00:00,132.143,132.193,132.112,132.115,1184,3,0
2020-05-28 02:30:00,132.116,132.232,132.089,132.209,1440,2,0
2020-05-28 03:00:00,132.209,132.307,132.168,132.244,2133,2,0
2020-05-28 03:30:00,132.244,132.356,132.211,132.317,2121,1,0
2020-05-28 04:00:00,132.318,132.334,132.157,132.233,1944,2,0
2020-05-28 04:30:00,132.232,132.306,132.189,132.243,2135,1,0
2020-05-28 05:00:00,132.265,132.334,132.24,132.267,1440,2,0
2020-05-28 05:30:00,132.267,132.327,132.218,132.298,1504,1,0
2020-05-28 06:00:00,132.298,132.303,132.236,132.245,1653,2,0
2020-05-28 06:30:00,132.245,132.265,132.046,132.073,1682,2,0
2020-05-28 07:00:00,132.073,132.107,132.01,132.041,1893,0,0
2020-05-28 07:30:00,132.041,132.155,132.025,132.107,1841,1,0
2020-05-28 08:00:00,132.107,132.196,132.054,132.184,1816,0,0
2020-05-28 08:30:00,132.184,132.261,132.175,132.218,1736,1,0
2020-05-28 09:00:00,132.223,132.459,132.168,132.42,2352,0,0
2020-05-28 09:30:00,132.422,132.427,132.244,132.252,2056,1,0
2020-05-28 10:00:00,132.248,132.377,132.212,132.369,2907,0,0
2020-05-28 10:30:00,132.373,132.393,132.164,132.17,2900,0,0
2020-05-28 11:00:00,132.171,132.282,132.032,132.077,2815,0,0
2020-05-28 11:30:00,132.075,132.18,132.044,132.127,2424,0,0
2020-05-28 12:00:00,132.127,132.334,132.016,132.292,3162,0,0
2020-05-28 12:30:00,132.292,132.304,132.034,132.043,2600,0,0
2020-05-28 13:00:00,132.043,132.077,131.828,132.038,2617,0,0
2020-05-28 13:30:00,132.038,132.043,131.854,131.872,2262,0,0
2020-05-28 14:00:00,131.871,132.06,131.866,132.02,2056,0,0
2020-05-28 14:30:00,132.016,132.139,131.993,132.035,2063,0,0
2020-05-28 15:00:00,132.037,132.305,132.03,132.163,2547,0,0
2020-05-28 15:30:00,132.163,132.435,132.145,132.298,3611,0,0
2020-05-28 16:00:00,132.3,132.565,132.299,132.471,3734,0,0
2020-05-28 16:30:00,132.473,132.51,132.312,132.364,3691,0,0
2020-05-28 17:00:00,132.363,132.557,132.304,132.454,3612,0,0
2020-05-28 17:30:00,132.457,132.761,132.388,132.601,3899,0,0
2020-05-28 18:00:00,132.606,132.743,132.564,132.612,3197,0,0
2020-05-28 18:30:00,132.613,132.708,132.533,132.701,2975,0,0
2020-05-28 19:00:00,132.701,132.79,132.637,132.766,2513,0,0
2020-05-28 19:30:00,132.768,132.879,132.734,132.778,2453,0,0
2020-05-28 20:00:00,132.779,132.856,132.765,132.788,2271,0,0
2020-05-28 20:30:00,132.788,132.814,132.745,132.763,1615,0,0
2020-05-28 21:00:00,132.762,132.849,132.754,132.801,1718,1,0
2020-05-28 21:30:00,132.801,132.87,132.797,132.865,1949,0,0
2020-05-28 22:00:00,132.865,132.879,132.597,132.603,2566,0,0
2020-05-28 22:30:00,132.603,132.667,132.491,132.523,3031,0,0
2020-05-28 23:00:00,132.52,132.609,132.517,132.583,1469,1,0
2020-05-28 23:30:00,132.583,132.642,132.504,132.589,1297,0,0
2020-05-29 00:00:00,132.552,132.577,132.517,132.538,162,33,0
2020-05-29 00:30:00,132.541,132.619,132.513,132.598,730,27,0
2020-05-29 01:00:00,132.6,132.724,132.591,132.716,893,2,0
2020-05-29 01:30:00,132.716,132.719,132.639,132.652,748,2,0
2020-05-29 02:00:00,132.659,132.716,132.649,132.67,1018,3,0
2020-05-29 02:30:00,132.67,132.685,132.591,132.595,1131,1,0
2020-05-29 03:00:00,132.595,132.676,132.494,132.643,2243,2,0
2020-05-29 03:30:00,132.643,132.664,132.355,132.434,2342,1,0
2020-05-29 04:00:00,132.435,132.498,132.313,132.416,2407,1,0
2020-05-29 04:30:00,132.416,132.445,132.369,132.403,2097,0,0
2020-05-29 05:00:00,132.403,132.428,132.291,132.365,1832,0,0
2020-05-29 05:30:00,132.365,132.407,132.353,132.393,1327,0,0
2020-05-29 06:00:00,132.393,132.424,132.312,132.41,1606,2,0
2020-05-29 06:30:00,132.411,132.434,132.379,132.391,1109,2,0
2020-05-29 07:00:00,132.392,132.421,132.303,132.328,1608,2,0
2020-05-29 07:30:00,132.327,132.357,132.203,132.25,1877,1,0
2020-05-29 08:00:00,132.248,132.327,132.198,132.287,1641,1,0
2020-05-29 08:30:00,132.287,132.404,132.232,132.237,2199,1,0
2020-05-29 09:00:00,132.236,132.323,132.175,132.316,2487,0,0
2020-05-29 09:30:00,132.313,132.369,132.203,132.293,2363,0,0
2020-05-29 10:00:00,132.293,132.314,132.108,132.121,3443,0,0
2020-05-29 10:30:00,132.121,132.165,131.937,132.075,3269,0,0
2020-05-29 11:00:00,132.075,132.109,131.917,131.989,3067,0,0
2020-05-29 11:30:00,131.988,132.061,131.815,131.826,3276,0,0
2020-05-29 12:00:00,131.827,132.065,131.827,131.949,3206,0,0
2020-05-29 12:30:00,131.952,131.994,131.779,131.852,2570,0,0
2020-05-29 13:00:00,131.855,132.028,131.828,132.007,2721,0,0
2020-05-29 13:30:00,132.008,132.281,131.987,132.126,2608,0,0
2020-05-29 14:00:00,132.127,132.328,132.103,132.254,2480,0,0
2020-05-29 14:30:00,132.257,132.505,132.252,132.485,2620,0,0
2020-05-29 15:00:00,132.484,132.499,132.328,132.37,2766,0,0
2020-05-29 15:30:00,132.372,132.463,132.288,132.391,2780,0,0
2020-05-29 16:00:00,132.39,132.51,132.357,132.501,3884,0,0
2020-05-29 16:30:00,132.502,132.888,132.482,132.839,3790,0,0
2020-05-29 17:00:00,132.838,133.279,132.802,133.163,4495,0,0
2020-05-29 17:30:00,133.163,133.46,133.046,133.143,5347,0,0
2020-05-29 18:00:00,133.144,133.15,132.708,132.924,5188,0,0
2020-05-29 18:30:00,132.932,132.98,132.727,132.738,3571,0,0
2020-05-29 19:00:00,132.738,132.795,132.478,132.635,2790,0,0
2020-05-29 19:30:00,132.635,132.792,132.554,132.787,2560,1,0
2020-05-29 20:00:00,132.786,132.794,132.657,132.792,2619,0,0
2020-05-29 20:30:00,132.792,132.835,132.637,132.761,2165,0,0
2020-05-29 21:00:00,132.763,132.981,132.748,132.946,3183,0,0
2020-05-29 21:30:00,132.946,132.98,132.636,132.872,3534,0,0
2020-05-29 22:00:00,132.874,132.943,132.776,132.813,3279,0,0
2020-05-29 22:30:00,132.813,133.193,132.778,133.159,2524,0,0
2020-05-29 23:00:00,133.155,133.282,133.121,133.179,1532,1,0
2020-05-29 23:30:00,133.181,133.31,132.984,133.019,2125,0,0
